{
    "websites": [
        {
            "name": "CNN Indonesia",
            "url": "https://www.cnnindonesia.com/politik/indeks/4",
            "article_tag": "article",
            "article_class": "flex-grow",
            "title_class": "text-cnn_black_light",
            "date_class": "block mt-1",
            "content_class": "detail-text text-cnn_black text-sm grow min-w-0",
            "platform": "cnn",
            "next_page": "inline-flex items-center justify-center w-[30px] h-[30px]"
        },
        {
            "name": "Detik",
            "url": "https://news.detik.com/berita/indeks",
            "article_tag": "article",
            "article_class": "list-content__item",
            "title_class": "media__title",
            "date_class": "media__date",
            "content_class": "detail__body-text itp_bodycontent",
            "platform": "detik",
            "next_page": "pagination__item"
        },
        {
            "name": "Kompas",
            "url": "https://www.kompas.com/tag/politik",
            "article_tag": "div",
            "article_class": "article__list",
            "title_class": "article__title article__title--medium",
            "date_class": "article__date",
            "content_class": "read__content",
            "platform": "kompas",
            "next_page": "paging__link paging__link--next"
        },
        {
            "name": "Suara",
            "url": "https://www.suara.com/tag/politik",
            "article_tag": "div",
            "article_class": "text-list-item-y",
            "title_class": "info",
            "date_class": "date-article",
            "content_class": "detail-content detail-berita",
            "platform": "suara",
            "next_page": ""
        },
        {
            "name": "Antara",
            "url": "https://www.antaranews.com/politik",
            "article_tag": "div",
            "article_class": "card__post card__post-list card__post__transition mt-30",
            "title_class": "post_title post_title_medium",
            "date_class": "",
            "content_class": "wrap__article-detail-content",
            "platform": "Antara",
            "next_page": ""
        }
    ]
}
